From;To;Type;Through;start_x;start_y;stop_x;stop_y;adjacency_rule_name;Comment

4722;4723;;-1;-1;-1;-1;-1;4WAYSERVICETUNNEL;4wayservicetunnel

4722;1576;impassable;-1;-1;-1;-1;-1;;4WAYSERVICETUNNEL
4723;1585;impassable;-1;-1;-1;-1;-1;;4WAYSERVICETUNNEL

4343;3064;sea;4296;-1;-1;-1;-1;;RED
4342;3070;sea;4296;-1;-1;-1;-1;;RED
4341;3055;sea;4296;-1;-1;-1;-1;;RED

1450;1480;;-1;-1;-1;-1;-1;SPARROW_HILL;Sparrow Hills

3673;2608;;-1;-1;-1;-1;-1;TVERSKAYA_MAYAKOVSKAYA;TverskayatoMayakovskaya
3835;447;;-1;-1;-1;-1;-1;TVERSKAYA_MAYAKOVSKAYA;TverskayatoMayakovskaya
3833;2598;;-1;-1;-1;-1;-1;TVERSKAYA_MAYAKOVSKAYA;TverskayatoMayakovskaya

3673;4025;impassable;-1;-1;-1;-1;-1;;TVERSKAYA_MAYAKOVSKAYATUNNEL
3835;4025;impassable;-1;-1;-1;-1;-1;;TVERSKAYA_MAYAKOVSKAYATUNNEL
3833;4025;impassable;-1;-1;-1;-1;-1;;TVERSKAYA_MAYAKOVSKAYATUNNEL
2608;4027;impassable;-1;-1;-1;-1;-1;;TVERSKAYA_MAYAKOVSKAYATUNNEL
447;4027;impassable;-1;-1;-1;-1;-1;;TVERSKAYA_MAYAKOVSKAYATUNNEL
2598;4027;impassable;-1;-1;-1;-1;-1;;TVERSKAYA_MAYAKOVSKAYATUNNEL

3989;2350;;-1;-1;-1;-1;-1;TVERSKAYA_TEATRALNAYA;TverskayatoTeatralnaya
3987;3655;;-1;-1;-1;-1;-1;TVERSKAYA_TEATRALNAYA;TverskayatoTeatralnaya
3985;2342;;-1;-1;-1;-1;-1;TVERSKAYA_TEATRALNAYA;TverskayatoTeatralnaya

3989;3990;impassable;-1;-1;-1;-1;-1;;TVERSKAYA_TEATRALNAYATUNNEL
3987;3990;impassable;-1;-1;-1;-1;-1;;TVERSKAYA_TEATRALNAYATUNNEL
3985;3990;impassable;-1;-1;-1;-1;-1;;TVERSKAYA_TEATRALNAYATUNNEL
2350;3986;impassable;-1;-1;-1;-1;-1;;TVERSKAYA_TEATRALNAYATUNNEL
3655;3986;impassable;-1;-1;-1;-1;-1;;TVERSKAYA_TEATRALNAYATUNNEL
2342;3986;impassable;-1;-1;-1;-1;-1;;TVERSKAYA_TEATRALNAYATUNNEL

1224;4100;sea;4106;-1;-1;-1;-1;;TECHNOPARK
3465;4102;sea;4106;-1;-1;-1;-1;;TECHNOPARK
1225;4101;sea;4106;-1;-1;-1;-1;;TECHNOPARK

4046;2874;sea;4300;-1;-1;-1;-1;;APL
4047;2868;sea;4300;-1;-1;-1;-1;;APL
4049;2875;sea;4300;-1;-1;-1;-1;;APL

4556;2207;;-1;-1;-1;-1;-1;ARBATSKAYA_PLOSCHADREVOLUTSII_1;ArbatskayatoPloschadrevolutsii
4557;3629;;-1;-1;-1;-1;-1;ARBATSKAYA_PLOSCHADREVOLUTSII_1;ArbatskayatoPloschadrevolutsii
4558;2187;;-1;-1;-1;-1;-1;ARBATSKAYA_PLOSCHADREVOLUTSII_1;ArbatskayatoPloschadrevolutsii

4556;2206;impassable;-1;-1;-1;-1;-1;;ARBATSKAYA_PLOSCHADREVOLUTSIITUNNEL_1
4557;2206;impassable;-1;-1;-1;-1;-1;;ARBATSKAYA_PLOSCHADREVOLUTSIITUNNEL_1
4557;2146;impassable;-1;-1;-1;-1;-1;;ARBATSKAYA_PLOSCHADREVOLUTSIITUNNEL_1
4558;2146;impassable;-1;-1;-1;-1;-1;;ARBATSKAYA_PLOSCHADREVOLUTSIITUNNEL_1
2207;4779;impassable;-1;-1;-1;-1;-1;;ARBATSKAYA_PLOSCHADREVOLUTSIITUNNEL_1
3629;4779;impassable;-1;-1;-1;-1;-1;;ARBATSKAYA_PLOSCHADREVOLUTSIITUNNEL_1
3629;2215;impassable;-1;-1;-1;-1;-1;;ARBATSKAYA_PLOSCHADREVOLUTSIITUNNEL_1
2187;2215;impassable;-1;-1;-1;-1;-1;;ARBATSKAYA_PLOSCHADREVOLUTSIITUNNEL_1

2207;4553;;-1;-1;-1;-1;-1;ARBATSKAYA_PLOSCHADREVOLUTSII_2;ArbatskayatoPloschadrevolutsii2
3629;4554;;-1;-1;-1;-1;-1;ARBATSKAYA_PLOSCHADREVOLUTSII_2;ArbatskayatoPloschadrevolutsii2
2187;4555;;-1;-1;-1;-1;-1;ARBATSKAYA_PLOSCHADREVOLUTSII_2;ArbatskayatoPloschadrevolutsii2

2207;4764;impassable;-1;-1;-1;-1;-1;;ARBATSKAYA_PLOSCHADREVOLUTSIITUNNEL_2
3629;4764;impassable;-1;-1;-1;-1;-1;;ARBATSKAYA_PLOSCHADREVOLUTSIITUNNEL_2
3629;136;impassable;-1;-1;-1;-1;-1;;ARBATSKAYA_PLOSCHADREVOLUTSIITUNNEL_2
2187;136;impassable;-1;-1;-1;-1;-1;;ARBATSKAYA_PLOSCHADREVOLUTSIITUNNEL_2
4553;4761;impassable;-1;-1;-1;-1;-1;;ARBATSKAYA_PLOSCHADREVOLUTSIITUNNEL_2
4554;4761;impassable;-1;-1;-1;-1;-1;;ARBATSKAYA_PLOSCHADREVOLUTSIITUNNEL_2
4555;4761;impassable;-1;-1;-1;-1;-1;;ARBATSKAYA_PLOSCHADREVOLUTSIITUNNEL_2

1995;2218;;-1;-1;-1;-1;-1;ARBATSKAYA_PLOSCHADREVOLUTSII_3;ArbatskayatoPloschadrevolutsii3
3631;3630;;-1;-1;-1;-1;-1;ARBATSKAYA_PLOSCHADREVOLUTSII_3;ArbatskayatoPloschadrevolutsii3
1979;2188;;-1;-1;-1;-1;-1;ARBATSKAYA_PLOSCHADREVOLUTSII_3;ArbatskayatoPloschadrevolutsii3

2218;2219;impassable;-1;-1;-1;-1;-1;;ARBATSKAYA_PLOSCHADREVOLUTSIITUNNEL_3
2218;2152;impassable;-1;-1;-1;-1;-1;;ARBATSKAYA_PLOSCHADREVOLUTSIITUNNEL_3
3630;2152;impassable;-1;-1;-1;-1;-1;;ARBATSKAYA_PLOSCHADREVOLUTSIITUNNEL_3
2188;2152;impassable;-1;-1;-1;-1;-1;;ARBATSKAYA_PLOSCHADREVOLUTSIITUNNEL_3
1995;2220;impassable;-1;-1;-1;-1;-1;;ARBATSKAYA_PLOSCHADREVOLUTSIITUNNEL_3
1995;2153;impassable;-1;-1;-1;-1;-1;;ARBATSKAYA_PLOSCHADREVOLUTSIITUNNEL_3
3631;2153;impassable;-1;-1;-1;-1;-1;;ARBATSKAYA_PLOSCHADREVOLUTSIITUNNEL_3
1979;2153;impassable;-1;-1;-1;-1;-1;;ARBATSKAYA_PLOSCHADREVOLUTSIITUNNEL_3

3823;3824;;-1;-1;-1;-1;-1;PLOSCHADREVOLUTSII_KURSKAYA;PLOSCHADREVOLUTSIItoKURSKAYA
3820;3822;;-1;-1;-1;-1;-1;PLOSCHADREVOLUTSII_KURSKAYA;PLOSCHADREVOLUTSIItoKURSKAYA
3624;3622;;-1;-1;-1;-1;-1;PLOSCHADREVOLUTSII_KURSKAYA;PLOSCHADREVOLUTSIItoKURSKAYA

2257;3823;impassable;-1;-1;-1;-1;-1;;PLOSCHADREVOLUTSII_KURSKAYATUNNEL
2257;3820;impassable;-1;-1;-1;-1;-1;;PLOSCHADREVOLUTSII_KURSKAYATUNNEL
4591;3820;impassable;-1;-1;-1;-1;-1;;PLOSCHADREVOLUTSII_KURSKAYATUNNEL
4591;3624;impassable;-1;-1;-1;-1;-1;;PLOSCHADREVOLUTSII_KURSKAYATUNNEL
2258;3824;impassable;-1;-1;-1;-1;-1;;PLOSCHADREVOLUTSII_KURSKAYATUNNEL
2258;3822;impassable;-1;-1;-1;-1;-1;;PLOSCHADREVOLUTSII_KURSKAYATUNNEL
4593;3822;impassable;-1;-1;-1;-1;-1;;PLOSCHADREVOLUTSII_KURSKAYATUNNEL
4593;3622;impassable;-1;-1;-1;-1;-1;;PLOSCHADREVOLUTSII_KURSKAYATUNNEL

3839;3819;;-1;-1;-1;-1;-1;FILOVSKIYSERVICETUNNEL;Filovskiyservicetunnel

3981;3839;impassable;-1;-1;-1;-1;-1;;FILOVSKIYSERVICETUNNEL
3819;3979;impassable;-1;-1;-1;-1;-1;;FILOVSKIYSERVICETUNNEL

3961;2236;sea;4228;-1;-1;-1;-1;;SPARTA
3955;192;sea;4228;-1;-1;-1;-1;;SPARTA
3951;2204;sea;4228;-1;-1;-1;-1;;SPARTA

4540;4543;;-1;-1;-1;-1;-1;PROSPEKT_KOMSOMOLSKAYA;Prospekt MiratoKomsomolskaya
4541;4544;;-1;-1;-1;-1;-1;PROSPEKT_KOMSOMOLSKAYA;Prospekt MiratoKomsomolskaya
4542;4545;;-1;-1;-1;-1;-1;PROSPEKT_KOMSOMOLSKAYA;Prospekt MiratoKomsomolskaya

4540;4537;impassable;-1;-1;-1;-1;-1;;PROSPEKT_KOMSOMOLSKAYATUNNEL
4541;4537;impassable;-1;-1;-1;-1;-1;;PROSPEKT_KOMSOMOLSKAYATUNNEL
4542;4537;impassable;-1;-1;-1;-1;-1;;PROSPEKT_KOMSOMOLSKAYATUNNEL
4543;4539;impassable;-1;-1;-1;-1;-1;;PROSPEKT_KOMSOMOLSKAYATUNNEL
4544;4539;impassable;-1;-1;-1;-1;-1;;PROSPEKT_KOMSOMOLSKAYATUNNEL
4545;4539;impassable;-1;-1;-1;-1;-1;;PROSPEKT_KOMSOMOLSKAYATUNNEL

1867;3917;;-1;-1;-1;-1;-1;TAGANSKAYA_KURSKAYA;TAGANSKAYAtoKURSKAYA
3570;3809;;-1;-1;-1;-1;-1;TAGANSKAYA_KURSKAYA;TAGANSKAYAtoKURSKAYA
1859;3914;;-1;-1;-1;-1;-1;TAGANSKAYA_KURSKAYA;TAGANSKAYAtoKURSKAYA

1867;3910;impassable;-1;-1;-1;-1;-1;;TAGANSKAYA_KURSKAYATUNNEL
3570;3910;impassable;-1;-1;-1;-1;-1;;TAGANSKAYA_KURSKAYATUNNEL
1859;3910;impassable;-1;-1;-1;-1;-1;;TAGANSKAYA_KURSKAYATUNNEL
3917;3912;impassable;-1;-1;-1;-1;-1;;TAGANSKAYA_KURSKAYATUNNEL
3809;3912;impassable;-1;-1;-1;-1;-1;;TAGANSKAYA_KURSKAYATUNNEL
3914;3912;impassable;-1;-1;-1;-1;-1;;TAGANSKAYA_KURSKAYATUNNEL

2077;2015;;-1;-1;-1;-1;-1;TAGANSKAYA_KURSKAYA2;TAGANSKAYAtoKURSKAYA2
1741;3549;;-1;-1;-1;-1;-1;TAGANSKAYA_KURSKAYA2;TAGANSKAYAtoKURSKAYA2
2069;2007;;-1;-1;-1;-1;-1;TAGANSKAYA_KURSKAYA2;TAGANSKAYAtoKURSKAYA2

2077;4608;impassable;-1;-1;-1;-1;-1;;TAGANSKAYA_KURSKAYATUNNEL_2
1741;4608;impassable;-1;-1;-1;-1;-1;;TAGANSKAYA_KURSKAYATUNNEL_2
2069;4608;impassable;-1;-1;-1;-1;-1;;TAGANSKAYA_KURSKAYATUNNEL_2
2015;4610;impassable;-1;-1;-1;-1;-1;;TAGANSKAYA_KURSKAYATUNNEL_2
3549;4610;impassable;-1;-1;-1;-1;-1;;TAGANSKAYA_KURSKAYATUNNEL_2
2007;4610;impassable;-1;-1;-1;-1;-1;;TAGANSKAYA_KURSKAYATUNNEL_2

1760;1684;;-1;-1;-1;-1;-1;TAGANSKAYAWEST_PAVELETSKAYA;TAGANSKAYAWESTtoPAVELETSKAYA
3554;1718;;-1;-1;-1;-1;-1;TAGANSKAYAWEST_PAVELETSKAYA;TAGANSKAYAWESTtoPAVELETSKAYA
1761;1677;;-1;-1;-1;-1;-1;TAGANSKAYAWEST_PAVELETSKAYA;TAGANSKAYAWESTtoPAVELETSKAYA

1760;3546;impassable;-1;-1;-1;-1;-1;;TaganskayaWestTUNNEL
3554;3546;impassable;-1;-1;-1;-1;-1;;TaganskayaWestTUNNEL
1761;3546;impassable;-1;-1;-1;-1;-1;;TaganskayaWestTUNNEL
1684;1717;impassable;-1;-1;-1;-1;-1;;PaveletskayaTUNNEL
1718;1717;impassable;-1;-1;-1;-1;-1;;PaveletskayaTUNNEL
1677;1717;impassable;-1;-1;-1;-1;-1;;PaveletskayaTUNNEL

1725;3874;;-1;-1;-1;-1;-1;PARKKULTURY_OKTYABRSKAYA1;Park KulturytoOktyabrskaya1
4395;4393;;-1;-1;-1;-1;-1;PARKKULTURY_OKTYABRSKAYA1;Park KulturytoOktyabrskaya1
1716;3872;;-1;-1;-1;-1;-1;PARKKULTURY_OKTYABRSKAYA1;Park KulturytoOktyabrskaya1

1725;4547;impassable;-1;-1;-1;-1;-1;;PARKKULTURY_OKTYABRSKAYATUNNEL_1
4395;4547;impassable;-1;-1;-1;-1;-1;;PARKKULTURY_OKTYABRSKAYATUNNEL_1
1716;4547;impassable;-1;-1;-1;-1;-1;;PARKKULTURY_OKTYABRSKAYATUNNEL_1
3874;4549;impassable;-1;-1;-1;-1;-1;;PARKKULTURY_OKTYABRSKAYATUNNEL_1
4393;4549;impassable;-1;-1;-1;-1;-1;;PARKKULTURY_OKTYABRSKAYATUNNEL_1
3872;4549;impassable;-1;-1;-1;-1;-1;;PARKKULTURY_OKTYABRSKAYATUNNEL_1

3856;1533;;-1;-1;-1;-1;-1;PARKKULTURY_OKTYABRSKAYA2;Park KulturytoOktyabrskaya2
4384;1538;;-1;-1;-1;-1;-1;PARKKULTURY_OKTYABRSKAYA2;Park KulturytoOktyabrskaya2
3859;1543;;-1;-1;-1;-1;-1;PARKKULTURY_OKTYABRSKAYA2;Park KulturytoOktyabrskaya2

3856;12;impassable;-1;-1;-1;-1;-1;;PARKKULTURY_OKTYABRSKAYATUNNEL_2
4384;12;impassable;-1;-1;-1;-1;-1;;PARKKULTURY_OKTYABRSKAYATUNNEL_2
4384;4643;impassable;-1;-1;-1;-1;-1;;PARKKULTURY_OKTYABRSKAYATUNNEL_2
3859;4643;impassable;-1;-1;-1;-1;-1;;PARKKULTURY_OKTYABRSKAYATUNNEL_2
1533;20;impassable;-1;-1;-1;-1;-1;;PARKKULTURY_OKTYABRSKAYATUNNEL_2
1538;20;impassable;-1;-1;-1;-1;-1;;PARKKULTURY_OKTYABRSKAYATUNNEL_2
1543;20;impassable;-1;-1;-1;-1;-1;;PARKKULTURY_OKTYABRSKAYATUNNEL_2
1543;4645;impassable;-1;-1;-1;-1;-1;;PARKKULTURY_OKTYABRSKAYATUNNEL_2

4419;1862;;-1;-1;-1;-1;-1;KIEVSKAYA_PARKKULTURY;KievskayatoPark Kultury
4421;4397;;-1;-1;-1;-1;-1;KIEVSKAYA_PARKKULTURY;KievskayatoPark Kultury
4568;1858;;-1;-1;-1;-1;-1;KIEVSKAYA_PARKKULTURY;KievskayatoPark Kultury

4419;4426;impassable;-1;-1;-1;-1;-1;;KIEVSKAYA_PARKKULTURYTUNNEL
4421;4426;impassable;-1;-1;-1;-1;-1;;KIEVSKAYA_PARKKULTURYTUNNEL
4568;4426;impassable;-1;-1;-1;-1;-1;;KIEVSKAYA_PARKKULTURYTUNNEL
1862;4424;impassable;-1;-1;-1;-1;-1;;KIEVSKAYA_PARKKULTURYTUNNEL
4397;4424;impassable;-1;-1;-1;-1;-1;;KIEVSKAYA_PARKKULTURYTUNNEL
1858;4424;impassable;-1;-1;-1;-1;-1;;KIEVSKAYA_PARKKULTURYTUNNEL

4427;3936;;-1;-1;-1;-1;-1;KIEVSKAYA_KRASNOPRESNENSKAYA;KievskayatoKrasnopresnenskaya
4428;4398;;-1;-1;-1;-1;-1;KIEVSKAYA_KRASNOPRESNENSKAYA;KievskayatoKrasnopresnenskaya
4429;3937;;-1;-1;-1;-1;-1;KIEVSKAYA_KRASNOPRESNENSKAYA;KievskayatoKrasnopresnenskaya

4427;2041;impassable;-1;-1;-1;-1;-1;;KIEVSKAYA_KRASNOPRESNENSKAYATUNNEL
4428;2041;impassable;-1;-1;-1;-1;-1;;KIEVSKAYA_KRASNOPRESNENSKAYATUNNEL
4429;2041;impassable;-1;-1;-1;-1;-1;;KIEVSKAYA_KRASNOPRESNENSKAYATUNNEL
3936;2049;impassable;-1;-1;-1;-1;-1;;KIEVSKAYA_KRASNOPRESNENSKAYATUNNEL
4398;2049;impassable;-1;-1;-1;-1;-1;;KIEVSKAYA_KRASNOPRESNENSKAYATUNNEL
3937;2049;impassable;-1;-1;-1;-1;-1;;KIEVSKAYA_KRASNOPRESNENSKAYATUNNEL

3327;3323;sea;4319;-1;-1;-1;-1;;VDNKRIVER
4332;3771;sea;4319;-1;-1;-1;-1;;VDNKRIVER
3330;3324;sea;4319;-1;-1;-1;-1;;VDNKRIVER

2721;4039;;-1;-1;-1;-1;-1;SUKHAREVSKAYA_TURGENEVSKAYA;SukharevskayatoTurgenevskaya
3705;4041;;-1;-1;-1;-1;-1;SUKHAREVSKAYA_TURGENEVSKAYA;SukharevskayatoTurgenevskaya
2722;4040;;-1;-1;-1;-1;-1;SUKHAREVSKAYA_TURGENEVSKAYA;SukharevskayatoTurgenevskaya

2721;2647;impassable;-1;-1;-1;-1;-1;;SUKHAREVSKAYA_TURGENEVSKAYATUNNEL
2721;2707;impassable;-1;-1;-1;-1;-1;;SUKHAREVSKAYA_TURGENEVSKAYATUNNEL
3705;2707;impassable;-1;-1;-1;-1;-1;;SUKHAREVSKAYA_TURGENEVSKAYATUNNEL
2722;2707;impassable;-1;-1;-1;-1;-1;;SUKHAREVSKAYA_TURGENEVSKAYATUNNEL
4039;2711;impassable;-1;-1;-1;-1;-1;;SUKHAREVSKAYA_TURGENEVSKAYATUNNEL
4041;2711;impassable;-1;-1;-1;-1;-1;;SUKHAREVSKAYA_TURGENEVSKAYATUNNEL
4040;2711;impassable;-1;-1;-1;-1;-1;;SUKHAREVSKAYA_TURGENEVSKAYATUNNEL

2548;4588;;-1;-1;-1;-1;-1;SUKHAREVSKAYA_TURGENEVSKAYA2;SukharevskayatoTurgenevskaya2
3836;4589;;-1;-1;-1;-1;-1;SUKHAREVSKAYA_TURGENEVSKAYA2;SukharevskayatoTurgenevskaya2
2549;4590;;-1;-1;-1;-1;-1;SUKHAREVSKAYA_TURGENEVSKAYA2;SukharevskayatoTurgenevskaya2

2548;2683;impassable;-1;-1;-1;-1;-1;;SUKHAREVSKAYA_TURGENEVSKAYA2TUNNEL
3836;2683;impassable;-1;-1;-1;-1;-1;;SUKHAREVSKAYA_TURGENEVSKAYA2TUNNEL
3836;418;impassable;-1;-1;-1;-1;-1;;SUKHAREVSKAYA_TURGENEVSKAYA2TUNNEL
2549;418;impassable;-1;-1;-1;-1;-1;;SUKHAREVSKAYA_TURGENEVSKAYA2TUNNEL
4588;2673;impassable;-1;-1;-1;-1;-1;;SUKHAREVSKAYA_TURGENEVSKAYA2TUNNEL
4589;2673;impassable;-1;-1;-1;-1;-1;;SUKHAREVSKAYA_TURGENEVSKAYA2TUNNEL
4589;3657;impassable;-1;-1;-1;-1;-1;;SUKHAREVSKAYA_TURGENEVSKAYA2TUNNEL
4590;3657;impassable;-1;-1;-1;-1;-1;;SUKHAREVSKAYA_TURGENEVSKAYA2TUNNEL

2358;2257;;-1;-1;-1;-1;-1;TURGENEVSKAYA_KITAYGOROD;TURGENEVSKAYAtoKITAYGOROD
3827;3638;;-1;-1;-1;-1;-1;TURGENEVSKAYA_KITAYGOROD;TURGENEVSKAYAtoKITAYGOROD
2343;2258;;-1;-1;-1;-1;-1;TURGENEVSKAYA_KITAYGOROD;TURGENEVSKAYAtoKITAYGOROD

2358;2344;impassable;-1;-1;-1;-1;-1;;TURGENEVSKAYA_KITAYGORODTUNNEL1
3827;2344;impassable;-1;-1;-1;-1;-1;;TURGENEVSKAYA_KITAYGORODTUNNEL1
2343;2344;impassable;-1;-1;-1;-1;-1;;TURGENEVSKAYA_KITAYGORODTUNNEL1
2257;2341;impassable;-1;-1;-1;-1;-1;;TURGENEVSKAYA_KITAYGORODTUNNEL1
3638;2341;impassable;-1;-1;-1;-1;-1;;TURGENEVSKAYA_KITAYGORODTUNNEL1
2258;2341;impassable;-1;-1;-1;-1;-1;;TURGENEVSKAYA_KITAYGORODTUNNEL1

1837;4625;;-1;-1;-1;-1;-1;TRETYAKOVSKAYA_OKTYABRSKAYA;TretyakovskayatoOktyabrskaya
3566;4624;;-1;-1;-1;-1;-1;TRETYAKOVSKAYA_OKTYABRSKAYA;TretyakovskayatoOktyabrskaya
1831;4623;;-1;-1;-1;-1;-1;TRETYAKOVSKAYA_OKTYABRSKAYA;TretyakovskayatoOktyabrskaya

1837;3904;impassable;-1;-1;-1;-1;-1;;TRETYAKOVSKAYA_OKTYABRSKAYATUNNEL
3566;3904;impassable;-1;-1;-1;-1;-1;;TRETYAKOVSKAYA_OKTYABRSKAYATUNNEL
1831;3904;impassable;-1;-1;-1;-1;-1;;TRETYAKOVSKAYA_OKTYABRSKAYATUNNEL
4625;3902;impassable;-1;-1;-1;-1;-1;;TRETYAKOVSKAYA_OKTYABRSKAYATUNNEL
4624;3902;impassable;-1;-1;-1;-1;-1;;TRETYAKOVSKAYA_OKTYABRSKAYATUNNEL
4623;3902;impassable;-1;-1;-1;-1;-1;;TRETYAKOVSKAYA_OKTYABRSKAYATUNNEL

4013;4789;;-1;-1;-1;-1;-1;PUSHKINSKAYA_BARRIKADNAYA;PushkinskayaBarrikadnaya
4008;4788;;-1;-1;-1;-1;-1;PUSHKINSKAYA_BARRIKADNAYA;PushkinskayaBarrikadnaya 
4000;4787;;-1;-1;-1;-1;-1;PUSHKINSKAYA_BARRIKADNAYA;PushkinskayaBarrikadnaya

4789;4036;impassable;-1;-1;-1;-1;-1;;PUSHKINSKAYA_BARRIKADNAYATUNNEL
4788;4036;impassable;-1;-1;-1;-1;-1;;PUSHKINSKAYA_BARRIKADNAYATUNNEL
4787;4036;impassable;-1;-1;-1;-1;-1;;PUSHKINSKAYA_BARRIKADNAYATUNNEL
4013;4038;impassable;-1;-1;-1;-1;-1;;PUSHKINSKAYA_BARRIKADNAYATUNNEL
4008;4038;impassable;-1;-1;-1;-1;-1;;PUSHKINSKAYA_BARRIKADNAYATUNNEL
4000;4038;impassable;-1;-1;-1;-1;-1;;PUSHKINSKAYA_BARRIKADNAYATUNNEL

4578;2531;;-1;-1;-1;-1;-1;PUSHKINSKAYA_KUZNETSKYMOST;PushkinskayatoKuznetsky Most
4579;3526;;-1;-1;-1;-1;-1;PUSHKINSKAYA_KUZNETSKYMOST;PushkinskayatoKuznetsky Most
4580;2505;;-1;-1;-1;-1;-1;PUSHKINSKAYA_KUZNETSKYMOST;PushkinskayatoKuznetsky Most

4578;2565;impassable;-1;-1;-1;-1;-1;;PUSHKINSKAYA_KUZNETSKYMOSTTUNNEL
4579;2565;impassable;-1;-1;-1;-1;-1;;PUSHKINSKAYA_KUZNETSKYMOSTTUNNEL
4580;2565;impassable;-1;-1;-1;-1;-1;;PUSHKINSKAYA_KUZNETSKYMOSTTUNNEL
2531;2569;impassable;-1;-1;-1;-1;-1;;PUSHKINSKAYA_KUZNETSKYMOSTTUNNEL
3526;2569;impassable;-1;-1;-1;-1;-1;;PUSHKINSKAYA_KUZNETSKYMOSTTUNNEL
2505;2569;impassable;-1;-1;-1;-1;-1;;PUSHKINSKAYA_KUZNETSKYMOSTTUNNEL

4016;4585;;-1;-1;-1;-1;-1;KUZNETSKYMOST_KITAYGOROD1;KuznetskyMosttoKitayGorod1
4011;4584;;-1;-1;-1;-1;-1;KUZNETSKYMOST_KITAYGOROD1;KuznetskyMosttoKitayGorod1
4003;4583;;-1;-1;-1;-1;-1;KUZNETSKYMOST_KITAYGOROD1;KuznetskyMosttoKitayGorod1

4016;3998;impassable;-1;-1;-1;-1;-1;;KUZNETSKYMOST_KITAYGORODtoTUNNEL
4011;3998;impassable;-1;-1;-1;-1;-1;;KUZNETSKYMOST_KITAYGORODtoTUNNEL
4003;3998;impassable;-1;-1;-1;-1;-1;;KUZNETSKYMOST_KITAYGORODtoTUNNEL
4585;3994;impassable;-1;-1;-1;-1;-1;;KUZNETSKYMOST_KITAYGORODtoTUNNEL
4584;3994;impassable;-1;-1;-1;-1;-1;;KUZNETSKYMOST_KITAYGORODtoTUNNEL
4583;3994;impassable;-1;-1;-1;-1;-1;;KUZNETSKYMOST_KITAYGORODtoTUNNEL

2260;2147;;-1;-1;-1;-1;-1;KUZNETSKYMOST_KITAYGOROD2;KuznetskyMosttoKitayGorod
3639;2226;;-1;-1;-1;-1;-1;KUZNETSKYMOST_KITAYGOROD2;KuznetskyMosttoKitayGorod
2261;2162;;-1;-1;-1;-1;-1;KUZNETSKYMOST_KITAYGOROD2;KuznetskyMosttoKitayGorod

2260;3824;impassable;-1;-1;-1;-1;-1;;KUZNETSKYMOST_KITAYGORODtoTUNNEL2
3639;3824;impassable;-1;-1;-1;-1;-1;;KUZNETSKYMOST_KITAYGORODtoTUNNEL2
2261;3824;impassable;-1;-1;-1;-1;-1;;KUZNETSKYMOST_KITAYGORODtoTUNNEL2
2147;3622;impassable;-1;-1;-1;-1;-1;;KUZNETSKYMOST_KITAYGORODtoTUNNEL2
2226;3622;impassable;-1;-1;-1;-1;-1;;KUZNETSKYMOST_KITAYGORODtoTUNNEL2
2162;3622;impassable;-1;-1;-1;-1;-1;;KUZNETSKYMOST_KITAYGORODtoTUNNEL2

1789;1668;;-1;-1;-1;-1;-1;TAGANSKAYA_PROLETARSKAYA;TAGANSKAYAtoPROLETARSKAYA
3558;3524;;-1;-1;-1;-1;-1;TAGANSKAYA_PROLETARSKAYA;TAGANSKAYAtoPROLETARSKAYA
1795;1669;;-1;-1;-1;-1;-1;TAGANSKAYA_PROLETARSKAYA;TAGANSKAYAtoPROLETARSKAYA

1789;1753;impassable;-1;-1;-1;-1;-1;;TAGANSKAYA_PROLETARSKAYATUNNEL
3558;1753;impassable;-1;-1;-1;-1;-1;;TAGANSKAYA_PROLETARSKAYATUNNEL
1795;1753;impassable;-1;-1;-1;-1;-1;;TAGANSKAYA_PROLETARSKAYATUNNEL
1668;1740;impassable;-1;-1;-1;-1;-1;;TAGANSKAYA_PROLETARSKAYATUNNEL
3524;1740;impassable;-1;-1;-1;-1;-1;;TAGANSKAYA_PROLETARSKAYATUNNEL
3524;4158;impassable;-1;-1;-1;-1;-1;;TAGANSKAYA_PROLETARSKAYATUNNEL
1669;4158;impassable;-1;-1;-1;-1;-1;;TAGANSKAYA_PROLETARSKAYATUNNEL

4676;3870;;-1;-1;-1;-1;-1;TAGANSKAYA_PROLETARSKAYA2;TAGANSKAYAtoPROLETARSKAYA2
4677;3873;;-1;-1;-1;-1;-1;TAGANSKAYA_PROLETARSKAYA2;TAGANSKAYAtoPROLETARSKAYA2
4679;3876;;-1;-1;-1;-1;-1;TAGANSKAYA_PROLETARSKAYA2;TAGANSKAYAtoPROLETARSKAYA2

3870;4618;impassable;-1;-1;-1;-1;-1;;TAGANSKAYA_PROLETARSKAYATUNNEL2
3873;4618;impassable;-1;-1;-1;-1;-1;;TAGANSKAYA_PROLETARSKAYATUNNEL2
3876;4618;impassable;-1;-1;-1;-1;-1;;TAGANSKAYA_PROLETARSKAYATUNNEL2
3876;4929;impassable;-1;-1;-1;-1;-1;;TAGANSKAYA_PROLETARSKAYATUNNEL2
4676;4928;impassable;-1;-1;-1;-1;-1;;TAGANSKAYA_PROLETARSKAYATUNNEL2
4677;4928;impassable;-1;-1;-1;-1;-1;;TAGANSKAYA_PROLETARSKAYATUNNEL2
4679;4928;impassable;-1;-1;-1;-1;-1;;TAGANSKAYA_PROLETARSKAYATUNNEL2

1955;3921;;-1;-1;-1;-1;-1;PARKPOBEDY_DELOVOYTSENTR;PARKPOBEDYtoDELOVOYTSENTR
3842;3587;;-1;-1;-1;-1;-1;PARKPOBEDY_DELOVOYTSENTR;PARKPOBEDYtoDELOVOYTSENTR
3781;1951;;-1;-1;-1;-1;-1;PARKPOBEDY_DELOVOYTSENTR;PARKPOBEDYtoDELOVOYTSENTR

1955;1971;impassable;-1;-1;-1;-1;-1;;ParkPobedyTUNNEL
3842;1971;impassable;-1;-1;-1;-1;-1;;ParkPobedyTUNNEL
3781;1971;impassable;-1;-1;-1;-1;-1;;ParkPobedyTUNNEL
3921;1975;impassable;-1;-1;-1;-1;-1;;DelovoyTsentrTUNNEL
3587;1975;impassable;-1;-1;-1;-1;-1;;DelovoyTsentrTUNNEL
1951;1975;impassable;-1;-1;-1;-1;-1;;DelovoyTsentrTUNNEL

1679;4726;;-1;-1;-1;-1;-1;POLYANKA_DOBRINSKAYA;POLYANKAtoDOBRINSKAYA
3533;4727;;-1;-1;-1;-1;-1;POLYANKA_DOBRINSKAYA;POLYANKAtoDOBRINSKAYA
1680;4728;;-1;-1;-1;-1;-1;POLYANKA_DOBRINSKAYA;POLYANKAtoDOBRINSKAYA

1679;3529;impassable;-1;-1;-1;-1;-1;;POLYANKA_DOBRINSKAYATUNNEL
3533;3529;impassable;-1;-1;-1;-1;-1;;POLYANKA_DOBRINSKAYATUNNEL
1680;3529;impassable;-1;-1;-1;-1;-1;;POLYANKA_DOBRINSKAYATUNNEL
4726;3523;impassable;-1;-1;-1;-1;-1;;POLYANKA_DOBRINSKAYATUNNEL
4727;3523;impassable;-1;-1;-1;-1;-1;;POLYANKA_DOBRINSKAYATUNNEL
4728;3523;impassable;-1;-1;-1;-1;-1;;POLYANKA_DOBRINSKAYATUNNEL

3931;1989;;-1;-1;-1;-1;-1;POLYANKA_BOROVITSKAYA;PolyankatoBorovitskaya
3933;3596;;-1;-1;-1;-1;-1;POLYANKA_BOROVITSKAYA;PolyankatoBorovitskaya
3932;1990;;-1;-1;-1;-1;-1;POLYANKA_BOROVITSKAYA;PolyankatoBorovitskaya

3931;1986;impassable;-1;-1;-1;-1;-1;;POLYANKA_BOROVITSKAYATUNNEL
3933;1986;impassable;-1;-1;-1;-1;-1;;POLYANKA_BOROVITSKAYATUNNEL
3933;4747;impassable;-1;-1;-1;-1;-1;;POLYANKA_BOROVITSKAYATUNNEL
3932;4747;impassable;-1;-1;-1;-1;-1;;POLYANKA_BOROVITSKAYATUNNEL
1989;4737;impassable;-1;-1;-1;-1;-1;;POLYANKA_BOROVITSKAYATUNNEL
1989;1978;impassable;-1;-1;-1;-1;-1;;POLYANKA_BOROVITSKAYATUNNEL
3596;1978;impassable;-1;-1;-1;-1;-1;;POLYANKA_BOROVITSKAYATUNNEL
1990;1978;impassable;-1;-1;-1;-1;-1;;POLYANKA_BOROVITSKAYATUNNEL

4559;2363;;-1;-1;-1;-1;-1;BOROVITSKAYA_CHEKHOVSKAYA_1;BorovitskayatoChekhovskaya
4560;3663;;-1;-1;-1;-1;-1;BOROVITSKAYA_CHEKHOVSKAYA_1;BorovitskayatoChekhovskaya
4561;2364;;-1;-1;-1;-1;-1;BOROVITSKAYA_CHEKHOVSKAYA_1;BorovitskayatoChekhovskaya

4559;2186;impassable;-1;-1;-1;-1;-1;;BOROVITSKAYA_CHEKHOVSKAYATUNNEL_1
4560;2186;impassable;-1;-1;-1;-1;-1;;BOROVITSKAYA_CHEKHOVSKAYATUNNEL_1
4560;3957;impassable;-1;-1;-1;-1;-1;;BOROVITSKAYA_CHEKHOVSKAYATUNNEL_1
4561;3957;impassable;-1;-1;-1;-1;-1;;BOROVITSKAYA_CHEKHOVSKAYATUNNEL_1
2363;2205;impassable;-1;-1;-1;-1;-1;;BOROVITSKAYA_CHEKHOVSKAYATUNNEL_1
3663;2205;impassable;-1;-1;-1;-1;-1;;BOROVITSKAYA_CHEKHOVSKAYATUNNEL_1
3663;3970;impassable;-1;-1;-1;-1;-1;;BOROVITSKAYA_CHEKHOVSKAYATUNNEL_1
2364;3970;impassable;-1;-1;-1;-1;-1;;BOROVITSKAYA_CHEKHOVSKAYATUNNEL_1

2363;3649;;-1;-1;-1;-1;-1;BOROVITSKAYA_CHEKHOVSKAYA_2;BorovitskayatoChekhovskaya2
3663;3621;;-1;-1;-1;-1;-1;BOROVITSKAYA_CHEKHOVSKAYA_2;BorovitskayatoChekhovskaya2
2364;3635;;-1;-1;-1;-1;-1;BOROVITSKAYA_CHEKHOVSKAYA_2;BorovitskayatoChekhovskaya2

3649;2324;impassable;-1;-1;-1;-1;-1;;BOROVITSKAYA_CHEKHOVSKAYATUNNEL_2
3621;2324;impassable;-1;-1;-1;-1;-1;;BOROVITSKAYA_CHEKHOVSKAYATUNNEL_2
3635;2324;impassable;-1;-1;-1;-1;-1;;BOROVITSKAYA_CHEKHOVSKAYATUNNEL_2
2317;2363;impassable;-1;-1;-1;-1;-1;;BOROVITSKAYA_CHEKHOVSKAYATUNNEL_2
2317;3663;impassable;-1;-1;-1;-1;-1;;BOROVITSKAYA_CHEKHOVSKAYATUNNEL_2
2317;2364;impassable;-1;-1;-1;-1;-1;;BOROVITSKAYA_CHEKHOVSKAYATUNNEL_2

2988;2906;;-1;-1;-1;-1;-1;DOSTOYEVSKAYA_TRUBNAYA;DOSTOYEVSKAYAtoTRUBNAYA
3735;3730;;-1;-1;-1;-1;-1;DOSTOYEVSKAYA_TRUBNAYA;DOSTOYEVSKAYAtoTRUBNAYA
2982;2902;;-1;-1;-1;-1;-1;DOSTOYEVSKAYA_TRUBNAYA;DOSTOYEVSKAYAtoTRUBNAYA

2988;3007;impassable;-1;-1;-1;-1;-1;;DOSTOYEVSKAYA_TRUBNAYATUNNEL
3735;3007;impassable;-1;-1;-1;-1;-1;;DOSTOYEVSKAYA_TRUBNAYATUNNEL
2982;3007;impassable;-1;-1;-1;-1;-1;;DOSTOYEVSKAYA_TRUBNAYATUNNEL
2906;2997;impassable;-1;-1;-1;-1;-1;;DOSTOYEVSKAYA_TRUBNAYATUNNEL
3730;2997;impassable;-1;-1;-1;-1;-1;;DOSTOYEVSKAYA_TRUBNAYATUNNEL
2902;2997;impassable;-1;-1;-1;-1;-1;;DOSTOYEVSKAYA_TRUBNAYATUNNEL

4518;2622;;-1;-1;-1;-1;-1;TRUBNAYA_CHKALOVSKAYA1;TrubnayatoChkalovskaya1
4519;3685;;-1;-1;-1;-1;-1;TRUBNAYA_CHKALOVSKAYA1;TrubnayatoChkalovskaya1
4520;2633;;-1;-1;-1;-1;-1;TRUBNAYA_CHKALOVSKAYA1;TrubnayatoChkalovskaya1

4518;2618;impassable;-1;-1;-1;-1;-1;;TRUBNAYA_CHKALOVSKAYATUNNEL_1
4519;2618;impassable;-1;-1;-1;-1;-1;;TRUBNAYA_CHKALOVSKAYATUNNEL_1
4520;2618;impassable;-1;-1;-1;-1;-1;;TRUBNAYA_CHKALOVSKAYATUNNEL_1
2633;2647;impassable;-1;-1;-1;-1;-1;;TRUBNAYA_CHKALOVSKAYATUNNEL_1
2633;2613;impassable;-1;-1;-1;-1;-1;;TRUBNAYA_CHKALOVSKAYATUNNEL_1
3685;2613;impassable;-1;-1;-1;-1;-1;;TRUBNAYA_CHKALOVSKAYATUNNEL_1
2622;2613;impassable;-1;-1;-1;-1;-1;;TRUBNAYA_CHKALOVSKAYATUNNEL_1

2622;4596;;-1;-1;-1;-1;-1;TRUBNAYA_CHKALOVSKAYA2;TrubnayatoChkalovskaya2
3685;4595;;-1;-1;-1;-1;-1;TRUBNAYA_CHKALOVSKAYA2;TrubnayatoChkalovskaya2
2633;4594;;-1;-1;-1;-1;-1;TRUBNAYA_CHKALOVSKAYA2;TrubnayatoChkalovskaya2

2633;4588;impassable;-1;-1;-1;-1;-1;;TRUBNAYA_CHKALOVSKAYATUNNEL_2
3685;4588;impassable;-1;-1;-1;-1;-1;;TRUBNAYA_CHKALOVSKAYATUNNEL_2
2622;4588;impassable;-1;-1;-1;-1;-1;;TRUBNAYA_CHKALOVSKAYATUNNEL_2
4596;4590;impassable;-1;-1;-1;-1;-1;;TRUBNAYA_CHKALOVSKAYATUNNEL_2
4595;4590;impassable;-1;-1;-1;-1;-1;;TRUBNAYA_CHKALOVSKAYATUNNEL_2
4594;4590;impassable;-1;-1;-1;-1;-1;;TRUBNAYA_CHKALOVSKAYATUNNEL_2

4783;2345;;-1;-1;-1;-1;-1;BULVAR_CHKALOVSKAYA;Sretensky BulvartoChkalovskaya
4785;3828;;-1;-1;-1;-1;-1;BULVAR_CHKALOVSKAYA;Sretensky BulvartoChkalovskaya
4786;2355;;-1;-1;-1;-1;-1;BULVAR_CHKALOVSKAYA;Sretensky BulvartoChkalovskaya

4783;2289;impassable;-1;-1;-1;-1;-1;;BULVAR_CHKALOVSKAYATUNNEL
4783;2420;impassable;-1;-1;-1;-1;-1;;BULVAR_CHKALOVSKAYATUNNEL
4785;2420;impassable;-1;-1;-1;-1;-1;;BULVAR_CHKALOVSKAYATUNNEL
4786;2420;impassable;-1;-1;-1;-1;-1;;BULVAR_CHKALOVSKAYATUNNEL
2421;2355;impassable;-1;-1;-1;-1;-1;;BULVAR_CHKALOVSKAYATUNNEL
2421;3828;impassable;-1;-1;-1;-1;-1;;BULVAR_CHKALOVSKAYATUNNEL
2287;3828;impassable;-1;-1;-1;-1;-1;;BULVAR_CHKALOVSKAYATUNNEL
2287;2345;impassable;-1;-1;-1;-1;-1;;BULVAR_CHKALOVSKAYATUNNEL

4602;4217;;-1;-1;-1;-1;-1;CHKALOVSKAYA_RIMSKAYA;RimskayatoChkalovskaya
4603;4218;;-1;-1;-1;-1;-1;CHKALOVSKAYA_RIMSKAYA;RimskayatoChkalovskaya
4604;4220;;-1;-1;-1;-1;-1;CHKALOVSKAYA_RIMSKAYA;RimskayatoChkalovskaya

4602;4232;impassable;-1;-1;-1;-1;-1;;CHKALOVSKAYA_RIMSKAYATUNNEL
4603;4232;impassable;-1;-1;-1;-1;-1;;CHKALOVSKAYA_RIMSKAYATUNNEL
4604;4232;impassable;-1;-1;-1;-1;-1;;CHKALOVSKAYA_RIMSKAYATUNNEL
4604;4240;impassable;-1;-1;-1;-1;-1;;CHKALOVSKAYA_RIMSKAYATUNNEL
4229;4217;impassable;-1;-1;-1;-1;-1;;CHKALOVSKAYA_RIMSKAYATUNNEL
4229;4218;impassable;-1;-1;-1;-1;-1;;CHKALOVSKAYA_RIMSKAYATUNNEL
4229;4220;impassable;-1;-1;-1;-1;-1;;CHKALOVSKAYA_RIMSKAYATUNNEL
4237;4220;impassable;-1;-1;-1;-1;-1;;CHKALOVSKAYA_RIMSKAYATUNNEL

4613;1674;;-1;-1;-1;-1;-1;RIMSKAYA_KRESTYANSKAYA;RimskayatoKrestyanskaya
4614;3530;;-1;-1;-1;-1;-1;RIMSKAYA_KRESTYANSKAYA;RimskayatoKrestyanskaya
4615;1675;;-1;-1;-1;-1;-1;RIMSKAYA_KRESTYANSKAYA;RimskayatoKrestyanskaya

4613;4164;impassable;-1;-1;-1;-1;-1;;RIMSKAYA_KRESTYANSKAYATUNNEL
4613;4165;impassable;-1;-1;-1;-1;-1;;RIMSKAYA_KRESTYANSKAYATUNNEL
4614;4165;impassable;-1;-1;-1;-1;-1;;RIMSKAYA_KRESTYANSKAYATUNNEL
4615;4165;impassable;-1;-1;-1;-1;-1;;RIMSKAYA_KRESTYANSKAYATUNNEL
1674;4158;impassable;-1;-1;-1;-1;-1;;RIMSKAYA_KRESTYANSKAYATUNNEL
1674;4159;impassable;-1;-1;-1;-1;-1;;RIMSKAYA_KRESTYANSKAYATUNNEL
3530;4159;impassable;-1;-1;-1;-1;-1;;RIMSKAYA_KRESTYANSKAYATUNNEL
1675;4159;impassable;-1;-1;-1;-1;-1;;RIMSKAYA_KRESTYANSKAYATUNNEL

3854;1588;;-1;-1;-1;-1;-1;DOBRYNINSKAYASKAYA_PAVELETSKAYA;DobryninskayatoPaveletskaya
4413;4386;;-1;-1;-1;-1;-1;DOBRYNINSKAYASKAYA_PAVELETSKAYA;DobryninskayatoPaveletskaya
3855;1599;;-1;-1;-1;-1;-1;DOBRYNINSKAYASKAYA_PAVELETSKAYA;DobryninskayatoPaveletskaya

3854;4627;impassable;-1;-1;-1;-1;-1;;DOBRYNINSKAYASKAYA_PAVELETSKAYATUNNEL
4413;4627;impassable;-1;-1;-1;-1;-1;;DOBRYNINSKAYASKAYA_PAVELETSKAYATUNNEL
3855;4627;impassable;-1;-1;-1;-1;-1;;DOBRYNINSKAYASKAYA_PAVELETSKAYATUNNEL
1588;4629;impassable;-1;-1;-1;-1;-1;;DOBRYNINSKAYASKAYA_PAVELETSKAYATUNNEL
4386;4629;impassable;-1;-1;-1;-1;-1;;DOBRYNINSKAYASKAYA_PAVELETSKAYATUNNEL
1599;4629;impassable;-1;-1;-1;-1;-1;;DOBRYNINSKAYASKAYA_PAVELETSKAYATUNNEL

1539;1557;;-1;-1;-1;-1;-1;DOBRYNINSKAYASKAYA_PAVELETSKAYA2;DobryninskayatoPaveletskaya2
4414;4385;;-1;-1;-1;-1;-1;DOBRYNINSKAYASKAYA_PAVELETSKAYA2;DobryninskayatoPaveletskaya2
1529;1544;;-1;-1;-1;-1;-1;DOBRYNINSKAYASKAYA_PAVELETSKAYA2;DobryninskayatoPaveletskaya2

1539;4647;impassable;-1;-1;-1;-1;-1;;DOBRYNINSKAYASKAYA_PAVELETSKAYA2TUNNEL
1539;4650;impassable;-1;-1;-1;-1;-1;;DOBRYNINSKAYASKAYA_PAVELETSKAYA2TUNNEL
4414;4650;impassable;-1;-1;-1;-1;-1;;DOBRYNINSKAYASKAYA_PAVELETSKAYA2TUNNEL
1529;4650;impassable;-1;-1;-1;-1;-1;;DOBRYNINSKAYASKAYA_PAVELETSKAYA2TUNNEL
1557;4652;impassable;-1;-1;-1;-1;-1;;DOBRYNINSKAYASKAYA_PAVELETSKAYA2TUNNEL
4385;4652;impassable;-1;-1;-1;-1;-1;;DOBRYNINSKAYASKAYA_PAVELETSKAYA2TUNNEL
1544;4652;impassable;-1;-1;-1;-1;-1;;DOBRYNINSKAYASKAYA_PAVELETSKAYA2TUNNEL

2756;2858;;-1;-1;-1;-1;-1;BELORUSSKAYA_NOVOSLOBODSKAYA;BelorusskayatoNovoslobodskaya
4408;4409;;-1;-1;-1;-1;-1;BELORUSSKAYA_NOVOSLOBODSKAYA;BelorusskayatoNovoslobodskaya
2758;2866;;-1;-1;-1;-1;-1;BELORUSSKAYA_NOVOSLOBODSKAYA;BelorusskayatoNovoslobodskaya

2756;2599;impassable;-1;-1;-1;-1;-1;;BELORUSSKAYA_NOVOSLOBODSKAYATUNNEL
4408;2599;impassable;-1;-1;-1;-1;-1;;BELORUSSKAYA_NOVOSLOBODSKAYATUNNEL
2758;2599;impassable;-1;-1;-1;-1;-1;;BELORUSSKAYA_NOVOSLOBODSKAYATUNNEL
2858;2609;impassable;-1;-1;-1;-1;-1;;BELORUSSKAYA_NOVOSLOBODSKAYATUNNEL
4409;2609;impassable;-1;-1;-1;-1;-1;;BELORUSSKAYA_NOVOSLOBODSKAYATUNNEL
2866;2609;impassable;-1;-1;-1;-1;-1;;BELORUSSKAYA_NOVOSLOBODSKAYATUNNEL

2567;3992;;-1;-1;-1;-1;-1;BELORUSSKAYA_KRASNOPRESNENSKAYA;BelorusskayatoKrasnopresnenskaya
4404;4403;;-1;-1;-1;-1;-1;BELORUSSKAYA_KRASNOPRESNENSKAYA;BelorusskayatoKrasnopresnenskaya
2561;3991;;-1;-1;-1;-1;-1;BELORUSSKAYA_KRASNOPRESNENSKAYA;BelorusskayatoKrasnopresnenskaya

2567;4019;impassable;-1;-1;-1;-1;-1;;BELORUSSKAYA_KRASNOPRESNENSKAYATUNNEL
2567;4631;impassable;-1;-1;-1;-1;-1;;BELORUSSKAYA_KRASNOPRESNENSKAYATUNNEL
4403;4631;impassable;-1;-1;-1;-1;-1;;BELORUSSKAYA_KRASNOPRESNENSKAYATUNNEL
2561;4631;impassable;-1;-1;-1;-1;-1;;BELORUSSKAYA_KRASNOPRESNENSKAYATUNNEL
3992;4633;impassable;-1;-1;-1;-1;-1;;BELORUSSKAYA_KRASNOPRESNENSKAYATUNNEL
4403;4633;impassable;-1;-1;-1;-1;-1;;BELORUSSKAYA_KRASNOPRESNENSKAYATUNNEL
3991;4633;impassable;-1;-1;-1;-1;-1;;BELORUSSKAYA_KRASNOPRESNENSKAYATUNNEL
4404;4631;impassable;-1;-1;-1;-1;-1;;BELORUSSKAYA_KRASNOPRESNENSKAYATUNNEL

2941;2978;;-1;-1;-1;-1;-1;NOVOSLOBODSKAYA_PROSPEKT1;NovoslobodskayatoProspekt Mira1
3966;2175;;-1;-1;-1;-1;-1;NOVOSLOBODSKAYA_PROSPEKT1;NovoslobodskayatoProspekt Mira1
2946;2996;;-1;-1;-1;-1;-1;NOVOSLOBODSKAYA_PROSPEKT1;NovoslobodskayatoProspekt Mira1

2941;4635;impassable;-1;-1;-1;-1;-1;;NOVOSLOBODSKAYA_PROSPEKTTUNNEL_1
3966;4635;impassable;-1;-1;-1;-1;-1;;NOVOSLOBODSKAYA_PROSPEKTTUNNEL_1
2946;4635;impassable;-1;-1;-1;-1;-1;;NOVOSLOBODSKAYA_PROSPEKTTUNNEL_1
2978;4637;impassable;-1;-1;-1;-1;-1;;NOVOSLOBODSKAYA_PROSPEKTTUNNEL_1
2175;4637;impassable;-1;-1;-1;-1;-1;;NOVOSLOBODSKAYA_PROSPEKTTUNNEL_1
2996;4637;impassable;-1;-1;-1;-1;-1;;NOVOSLOBODSKAYA_PROSPEKTTUNNEL_1

2944;2893;;-1;-1;-1;-1;-1;NOVOSLOBODSKAYA_PROSPEKT2;NovoslobodskayatoProspekt Mira2
3972;2225;;-1;-1;-1;-1;-1;NOVOSLOBODSKAYA_PROSPEKT2;NovoslobodskayatoProspekt Mira2
2937;2888;;-1;-1;-1;-1;-1;NOVOSLOBODSKAYA_PROSPEKT2;NovoslobodskayatoProspekt Mira2

2944;4639;impassable;-1;-1;-1;-1;-1;;NOVOSLOBODSKAYA_PROSPEKTTUNNEL_2
3972;4639;impassable;-1;-1;-1;-1;-1;;NOVOSLOBODSKAYA_PROSPEKTTUNNEL_2
2937;4639;impassable;-1;-1;-1;-1;-1;;NOVOSLOBODSKAYA_PROSPEKTTUNNEL_2
2893;4641;impassable;-1;-1;-1;-1;-1;;NOVOSLOBODSKAYA_PROSPEKTTUNNEL_2
2225;4641;impassable;-1;-1;-1;-1;-1;;NOVOSLOBODSKAYA_PROSPEKTTUNNEL_2
2888;4641;impassable;-1;-1;-1;-1;-1;;NOVOSLOBODSKAYA_PROSPEKTTUNNEL_2
